{"expected theta": 1.1309733552923256, "expected phi": 0, "theta estimates": [1.0943888425827026, 1.153350591659546, 1.207509160041809, 1.207509160041809, 1.0943888425827026, 1.0943888425827026, 1.24418044090271, 1.185481309890747, 1.0943888425827026, 1.24418044090271, 1.24418044090271, 1.0943888425827026, 1.207509160041809, 1.190466046333313, 1.24418044090271, 1.24418044090271, 1.1477869749069214, 1.190466046333313, 1.153350591659546, 1.24418044090271], "phi estimates": [6.282608483229772, 0.019407376646995544, 0.025103941559791565, 0.025103941559791565, 6.282608483229772, 6.282608483229772, 6.277871508394377, 6.258028064166204, 6.282608483229772, 6.277871508394377, 6.277871508394377, 6.282608483229772, 0.025103941559791565, 6.274322767053739, 6.277871508394377, 6.277871508394377, 0.005375578999519348, 6.274322767053739, 0.019407376646995544, 6.277871508394377]}