{"expected theta": 1.0471975511965976, "expected phi": 2.0943951023931953, "theta estimates": [1.3567856550216675, 1.483172059059143, 1.453397512435913, 1.3507426977157593, 1.3507426977157593, 1.3567856550216675, 1.3567856550216675, 14.656607627868652, 1.3567856550216675, 1.3567856550216675, 1.5115089416503906, 1.5115089416503906, 1.5115089416503906, 1.5115089416503906, 1.483172059059143, 1.5115089416503906, 1.5115089416503906, 1.5115089416503906, 1.5115089416503906, 1.5115089416503906], "phi estimates": [2.077150734263011, 2.0388647635751447, 2.073491009073802, 2.054296167688914, 2.054296167688914, 2.077150734263011, 2.077150734263011, 1.0281881411843976, 2.077150734263011, 2.077150734263011, 2.0442937930398664, 2.0442937930398664, 2.0442937930398664, 2.0442937930398664, 2.0388647635751447, 2.0442937930398664, 2.0442937930398664, 2.0442937930398664, 2.0442937930398664, 2.0442937930398664]}