{"expected theta": 1.1309733552923256, "expected phi": 1.0471975511965976, "theta estimates": [0.9696288704872131, 1.0028396844863892, 1.024458646774292, 1.0572611093521118, 1.1489084959030151, 1.0883750915527344, 1.0574986934661865, 1.1160931587219238, 1.180299997329712, 1.2831172943115234, 1.2831172943115234, 1.3809846639633179, 1.5794970989227295, 1.8780865669250488, 1.459669589996338, 1.0653374195098877, 0.9968883991241455, 0.9822677373886108, 0.906402587890625, 0.9461842179298401], "phi estimates": [0.9977263808250427, 1.0073081254959106, 1.0644350051879883, 1.03123939037323, 0.9595725536346436, 0.9476420879364014, 0.9745745658874512, 0.939120352268219, 0.958014190196991, 0.9117453694343567, 0.9117453694343567, 0.8777252435684204, 0.833101749420166, 0.7937343120574951, 0.8641344904899597, 0.876321017742157, 0.872413158416748, 0.8234366178512573, 0.8324115872383118, 0.8335288166999817]}