{"expected theta": 1.1309733552923256, "expected phi": 2.0943951023931953, "theta estimates": [0.4059344232082367, 0.17211997509002686, 0.40960726141929626, 0.40960726141929626, 0.30376800894737244, 0.3035445213317871, 0.30376800894737244, 0.12412827461957932, 0.3035445213317871, 0.8520007133483887, 0.48249173164367676, 0.8573413491249084, 1.0151903629302979, 1.0151903629302979, 1.0151903629302979, 1.0151903629302979, 1.0779132843017578, 0.8573413491249084, 1.1115325689315796, 0.29460465908050537], "phi estimates": [2.685027392702647, 0.6832783222198486, 1.1659135818481445, 1.1659135818481445, 0.8875275254249573, 2.906241150694438, 0.8875275254249573, 0.6384987831115723, 2.906241150694438, 2.13934579690034, 2.5964082201295575, 2.1069332679086408, 2.0512916167550763, 2.0512916167550763, 2.0512916167550763, 2.0512916167550763, 2.0321504195504865, 2.1069332679086408, 2.0288709719949445, 0.8915287852287292]}