{"expected theta": 1.0471975511965976, "expected phi": 1.5707963267948966, "theta estimates": [1.2477357387542725, 1.2729047536849976, 1.403311848640442, 1.403311848640442, 1.403311848640442, 1.1862949132919312, 1.1696662902832031, 1.1696662902832031, 1.3221129179000854, 1.2408320903778076, 1.225496768951416, 1.3068697452545166, 1.2851372957229614, 1.198527455329895, 1.198527455329895, 1.2355034351348877, 1.2202601432800293, 1.2355034351348877, 1.1357535123825073, 1.1572085618972778], "phi estimates": [1.6412642002105713, 1.6708858013153076, 1.6181821823120117, 1.6181821823120117, 1.6181821823120117, 1.624250888824463, 1.760725975036621, 1.760725975036621, 1.6737167835235596, 1.738480806350708, 1.7604396343231201, 1.6853148937225342, 1.685068130493164, 1.6384332180023193, 1.6384332180023193, 1.6270816326141357, 1.6386797428131104, 1.6270816326141357, 1.6823008060455322, 1.6825532913208008]}