{"expected theta": 1.1309733552923256, "expected phi": 5.235987755982989, "theta estimates": [1.6160537004470825, 1.338292121887207, 1.1076592206954956, 1.1603820323944092, 1.933355689048767, 1.617997169494629, 1.3063733577728271, 1.5903714895248413, 1.6851357221603394, 1.4817126989364624, 1.431778073310852, 1.467150330543518, 1.546036720275879, 1.6395928859710693, 1.8074473142623901, 1.7964415550231934, 1.7327543497085571, 1.6603482961654663, 1.6603482961654663, 1.6160537004470825], "phi estimates": [5.447541717682974, 5.44060600200762, 5.182868305836813, 5.277299467717306, 5.456620101128713, 5.522493366395132, 5.347450141106741, 5.286699656640188, 5.442163113747732, 5.3969430963145655, 5.437904600297109, 5.2920284310923975, 5.247079435979025, 5.244841639195577, 5.365092639123098, 5.393182996903555, 5.439114813004629, 5.4725693503962916, 5.4725693503962916, 5.447541717682974]}