{"expected theta": 1.1309733552923256, "expected phi": 4.71238898038469, "theta estimates": [1.2531390190124512, 1.2531390190124512, 1.3073551654815674, 1.3073551654815674, 1.3073551654815674, 1.3073551654815674, 1.3073551654815674, 1.2118077278137207, 1.2118077278137207, 1.2118077278137207, 1.3073551654815674, 1.3073551654815674, 1.3073551654815674, 1.2118077278137207, 1.2118077278137207, 1.2118077278137207, 1.2118077278137207, 1.2118077278137207, 1.2118077278137207, 1.2118077278137207], "phi estimates": [5.1126278082477015, 5.1126278082477015, 5.073549334202902, 5.073549334202902, 5.073549334202902, 5.073549334202902, 5.073549334202902, 5.131829802189962, 5.131829802189962, 5.131829802189962, 5.073549334202902, 5.073549334202902, 5.073549334202902, 5.131829802189962, 5.131829802189962, 5.131829802189962, 5.131829802189962, 5.131829802189962, 5.131829802189962, 5.131829802189962]}