{"expected theta": 1.0471975511965976, "expected phi": 3.665191429188092, "theta estimates": [0.8720512986183167, 0.8883395195007324, 0.9890003204345703, 0.9890003204345703, 0.983668327331543, 1.1440956592559814, 1.1440956592559814, 1.0809807777404785, 1.1273000240325928, 1.1273000240325928, 1.1273000240325928, 1.1273000240325928, 1.1273000240325928, 1.1273000240325928, 1.1273000240325928, 1.1273000240325928, 1.2822667360305786, 1.1273000240325928, 1.1273000240325928, 1.1273000240325928], "phi estimates": [3.9701370318704328, 3.821557195978709, 3.8313768227868756, 3.8313768227868756, 3.7708748896890363, 3.748081537085124, 3.748081537085124, 3.746833713846751, 3.728402765589305, 3.728402765589305, 3.728402765589305, 3.728402765589305, 3.728402765589305, 3.728402765589305, 3.728402765589305, 3.728402765589305, 3.711989553766795, 3.728402765589305, 3.728402765589305, 3.728402765589305]}