{"expected theta": 1.0471975511965976, "expected phi": 1.0471975511965976, "theta estimates": [0.6758405566215515, 0.6560748815536499, 0.6955972909927368, 0.6517302989959717, 0.6517302989959717, 0.667280912399292, 0.6783658862113953, 0.6841945052146912, 0.7221755981445312, 0.7087152004241943, 0.6783658862113953, 0.7427880764007568, 0.6971421241760254, 0.667280912399292, 0.7427880764007568, 0.6603899598121643, 0.6783658862113953, 0.6971421241760254, 0.646477460861206, 0.6896373629570007], "phi estimates": [0.9474130272865295, 0.8867158889770508, 0.954511284828186, 0.8762156367301941, 0.8762156367301941, 0.8780993819236755, 0.9014375805854797, 0.8793763518333435, 0.8838863968849182, 0.8947814106941223, 0.9014375805854797, 0.9049187898635864, 0.9239098429679871, 0.8780993819236755, 0.9049187898635864, 0.8996304273605347, 0.9014375805854797, 0.9239098429679871, 0.8949956893920898, 0.9757847189903259]}