{"expected theta": 1.0471975511965976, "expected phi": 0.5235987755982988, "theta estimates": [0.7073116898536682, 0.5027593970298767, 0.5622093081474304, 0.795488715171814, 1.0012246370315552, 0.8606894016265869, 0.8814525604248047, 0.7981181144714355, 0.5533965826034546, 0.5676575303077698, 1.0128021240234375, 0.9276610612869263, 1.158179521560669, 1.3707352876663208, 0.8682934641838074, 0.9450966119766235, 0.9126492142677307, 0.8401165008544922, 0.7426512241363525, 0.758932888507843], "phi estimates": [0.8924407362937927, 0.7712412476539612, 0.8638618588447571, 0.9144226908683777, 0.9222596883773804, 0.8880366683006287, 0.9048540592193604, 0.8313957452774048, 0.8019171357154846, 0.7487729787826538, 0.3873547911643982, 0.5830750465393066, 0.5108792185783386, 0.5149440169334412, 0.5939753651618958, 0.5930063724517822, 0.5893669128417969, 0.5905422568321228, 0.5691334009170532, 0.5826362371444702]}