{"expected theta": 1.0471975511965976, "expected phi": 5.235987755982989, "theta estimates": [0.9059177041053772, 1.6603482961654663, 1.9349857568740845, 1.829402208328247, 1.884727120399475, 1.724521517753601, 1.5675103664398193, 1.4242228269577026, 1.4242228269577026, 1.442602515220642, 1.511532187461853, 1.511532187461853, 1.4242228269577026, 1.5821787118911743, 1.6739493608474731, 1.726983904838562, 1.726983904838562, 1.724521517753601, 1.8311086893081665, 1.884727120399475], "phi estimates": [5.881206456814901, 5.4725693503962916, 5.396338705216543, 5.39675867954363, 5.408152465020315, 5.470676426087515, 5.5255823771106165, 5.5964571873294275, 5.5964571873294275, 5.6161615888225, 5.524501208459036, 5.524501208459036, 5.5964571873294275, 5.5512452761279505, 5.510287408028738, 5.484992984925405, 5.484992984925405, 5.470676426087515, 5.422063235436575, 5.408152465020315]}