{"expected theta": 1.1309733552923256, "expected phi": 0.5235987755982988, "theta estimates": [1.2935868501663208, 1.2935868501663208, 1.3960342407226562, 1.5189698934555054, 1.5252978801727295, 1.5252978801727295, 1.5252978801727295, 1.4694557189941406, 1.5252978801727295, 1.6041094064712524, 1.6178624629974365, 1.6178624629974365, 1.6041094064712524, 1.6041094064712524, 1.6041094064712524, 1.6041094064712524, 1.6041094064712524, 1.5252978801727295, 1.4299949407577515, 1.5385887622833252], "phi estimates": [0.293584406375885, 0.293584406375885, 0.2678148150444031, 0.26368656754493713, 0.2696923315525055, 0.2696923315525055, 0.2696923315525055, 0.2700938880443573, 0.2696923315525055, 0.28699812293052673, 0.29593053460121155, 0.29593053460121155, 0.28699812293052673, 0.28699812293052673, 0.28699812293052673, 0.28699812293052673, 0.28699812293052673, 0.2696923315525055, 0.3141043484210968, 0.2934822738170624]}