{"expected theta": 0.7853981633974483, "expected phi": 1.5707963267948966, "theta estimates": [0.4168032109737396, 0.4168032109737396, 0.4168032109737396, 0.4168032109737396, 0.4168032109737396, 0.4041004776954651, 0.4480392336845398, 0.4041004776954651, 0.4168032109737396, 0.4168032109737396, 0.4480392336845398, 0.4041004776954651, 0.4168032109737396, 0.4041004776954651, 0.4168032109737396, 0.4168032109737396, 0.4168032109737396, 0.4480392336845398, 0.45383137464523315, 0.4662308096885681], "phi estimates": [0.9109735488891602, 0.9109735488891602, 0.9109735488891602, 0.9109735488891602, 0.9109735488891602, 0.8885500431060791, 0.9059817790985107, 0.8885500431060791, 0.9109735488891602, 0.9109735488891602, 0.9059817790985107, 0.8885500431060791, 0.9109735488891602, 0.8885500431060791, 0.9109735488891602, 0.9109735488891602, 0.9109735488891602, 0.9059817790985107, 0.8764484524726868, 0.9003190994262695]}