{"expected theta": 1.0471975511965976, "expected phi": 1.5707963267948966, "theta estimates": [1.603496789932251, 1.9390720129013062, 1.8665553331375122, 1.679019570350647, 1.3100041151046753, 1.0644869804382324, 0.7914324998855591, 0.8877328634262085, 0.7636316418647766, 0.6900835633277893, 0.7271961569786072, 1.0328675508499146, 1.316916823387146, 1.357422113418579, 1.4391440153121948, 1.7076685428619385, 1.8555248975753784, 1.828597903251648, 1.8555248975753784, 1.6807414293289185], "phi estimates": [1.4945802688598633, 1.476931095123291, 1.6488375663757324, 1.5828194618225098, 1.5579166412353516, 1.584463119506836, 2.6246494968705854, 2.823034020262309, 1.4834604263305664, 2.7500682791047772, 1.7196714878082275, 1.6299583911895752, 1.584449052810669, 1.6006381511688232, 1.5641956329345703, 1.5679612159729004, 1.5430457592010498, 1.5751547813415527, 1.5430457592010498, 1.6000697612762451]}