{"expected theta": 1.0471975511965976, "expected phi": 5.759586531581287, "theta estimates": [1.6428316831588745, 1.1241053342819214, 2.1021318435668945, 2.1645801067352295, 2.14442777633667, 2.322289228439331, 2.143796920776367, 1.9718236923217773, 1.7473492622375488, 1.6528390645980835, 1.3357447385787964, 1.531166911125183, 1.592883825302124, 1.5662462711334229, 1.7085860967636108, 1.6490432024002075, 1.728094458580017, 1.6670646667480469, 1.6120485067367554, 1.560617208480835], "phi estimates": [6.237837199364797, 6.179012332354681, 5.842720274125234, 5.913570527230398, 5.941029671822683, 5.982546512280599, 5.8848499099360865, 5.996588770543234, 5.97543698946108, 0.08236050605773926, 6.236830774937765, 6.161338571702139, 6.133807663117544, 6.152543548737661, 6.08930424252619, 6.069972072039739, 6.073867652808325, 6.068547491227285, 6.093932364379064, 6.13633177081217]}