{"expected theta": 1.0471975511965976, "expected phi": 4.71238898038469, "theta estimates": [1.373725175857544, 1.373725175857544, 1.373725175857544, 1.4718319177627563, 1.373725175857544, 1.373725175857544, 1.373725175857544, 1.373725175857544, 1.394602656364441, 1.373725175857544, 1.373725175857544, 1.394602656364441, 1.3741015195846558, 1.394602656364441, 1.394602656364441, 1.373725175857544, 1.394602656364441, 1.5054097175598145, 1.373725175857544, 1.6199089288711548], "phi estimates": [4.677959593134471, 4.677959593134471, 4.677959593134471, 4.643144043284007, 4.677959593134471, 4.677959593134471, 4.677959593134471, 4.677959593134471, 4.724196108179637, 4.677959593134471, 4.677959593134471, 4.724196108179637, 4.72537079651887, 4.724196108179637, 4.724196108179637, 4.677959593134471, 4.724196108179637, 4.650758894281932, 4.677959593134471, 4.697922142344066]}