{"expected theta": 0.5235987755982988, "expected phi": 2.0943951023931953, "theta estimates": [0.41172224283218384, 0.22350461781024933, 0.17947588860988617, 0.4616515636444092, 0.3527120351791382, 0.03518160060048103, 0.007119837682694197, 0.06958004832267761, 0.22202324867248535, 0.3194589614868164, 0.3252306282520294, 0.2890916168689728, 0.2683190703392029, 0.10026225447654724, 0.05561133474111557, 0.3086918592453003, 0.28761255741119385, 0.339616060256958, 0.32991915941238403, 0.32991915941238403], "phi estimates": [1.7251126766204834, 1.1649236679077148, 0.9352321624755859, 1.7612581253051758, 1.6002709865570068, 0.580514669418335, 0.441572368144989, 3.2570171674066266, 2.5306120832734784, 2.361205907660075, 2.272167058783122, 2.3342590053849896, 2.604514392214366, 3.124726327257701, 0.5094094276428223, 2.4906313141160688, 2.5144784172349652, 2.3501096685701093, 2.3285690267854413, 2.3285690267854413]}