{"expected theta": 1.0471975511965976, "expected phi": 4.1887902047863905, "theta estimates": [1.7213002443313599, 1.5079277753829956, 1.3593260049819946, 1.1938928365707397, 1.1265746355056763, 1.1265746355056763, 1.1265746355056763, 1.0225781202316284, 1.0806492567062378, 1.062126636505127, 1.1265746355056763, 1.1265746355056763, 1.1265746355056763, 1.1625595092773438, 1.1625595092773438, 1.1625595092773438, 1.3915663957595825, 1.3847124576568604, 1.1548761129379272, 1.3416073322296143], "phi estimates": [4.199315460520335, 4.243812712030955, 4.257392319040843, 4.2853746732049665, 4.344701202707835, 4.344701202707835, 4.344701202707835, 4.376495273905345, 4.338781984644481, 4.284996064501353, 4.344701202707835, 4.344701202707835, 4.344701202707835, 4.284103306131907, 4.284103306131907, 4.284103306131907, 4.266077431040355, 4.314354332285472, 4.337682517366954, 4.260705383616038]}