{"expected theta": 1.1309733552923256, "expected phi": 4.1887902047863905, "theta estimates": [0.8192011713981628, 0.8192011713981628, 0.8192011713981628, 0.8192011713981628, 0.8192011713981628, 0.8061359524726868, 0.8192011713981628, 0.8192011713981628, 0.8563467860221863, 0.8563467860221863, 0.8563467860221863, 0.8192011713981628, 0.8192011713981628, 0.8254112005233765, 0.8254112005233765, 0.8192011713981628, 0.7919520735740662, 0.7796695828437805, 0.7796695828437805, 0.7796695828437805], "phi estimates": [4.6337787230783185, 4.6337787230783185, 4.6337787230783185, 4.6337787230783185, 4.6337787230783185, 4.584412487345286, 4.6337787230783185, 4.6337787230783185, 4.635378750162669, 4.635378750162669, 4.635378750162669, 4.6337787230783185, 4.6337787230783185, 4.702361973124095, 4.702361973124095, 4.6337787230783185, 4.683454902964183, 4.63176956971223, 4.63176956971223, 4.63176956971223]}