{"expected theta": 1.1309733552923256, "expected phi": 3.665191429188092, "theta estimates": [0.9827573895454407, 0.890600323677063, 0.894525945186615, 1.0173678398132324, 0.9827573895454407, 0.9430012106895447, 0.8818016052246094, 0.8581241369247437, 0.7489566206932068, 0.8511568307876587, 0.9226183295249939, 0.8299126029014587, 0.8370288610458374, 0.8752228617668152, 0.9376472234725952, 0.7975178956985474, 0.8620274066925049, 0.9604876637458801, 1.033691167831421, 1.0792464017868042], "phi estimates": [3.78482702572877, 3.7525738795572003, 3.7801744063668927, 3.8296258767419538, 3.78482702572877, 3.76082435448701, 3.740135522680827, 3.6943881829553327, 3.551552506285258, 3.5774676223569593, 3.754510911303111, 3.641100140410014, 3.5738211293988904, 3.665135236578532, 3.725737305479594, 3.6311484297090253, 3.634488107758113, 3.6635473688417157, 3.7228504737191876, 3.7427819093042096]}