{"expected theta": 1.1309733552923256, "expected phi": 5.759586531581287, "theta estimates": [1.0261402130126953, 1.0709240436553955, 1.2944543361663818, 1.502803921699524, 1.5018813610076904, 1.3649969100952148, 1.171097755432129, 1.258804440498352, 1.348661184310913, 1.4065014123916626, 1.4439526796340942, 1.5157808065414429, 1.5157808065414429, 1.5157808065414429, 1.52949857711792, 1.52949857711792, 1.4681259393692017, 1.4681259393692017, 1.4681259393692017, 1.4681259393692017], "phi estimates": [5.845436875020162, 5.650725487862722, 5.592998866234915, 5.499184016381399, 5.67457348505129, 5.789210442696707, 5.778007630501882, 5.6463967005359095, 5.561188999806539, 5.57996786037554, 5.672506038342611, 5.7439908424960535, 5.7439908424960535, 5.7439908424960535, 5.695899371300833, 5.695899371300833, 5.6910269300090235, 5.6910269300090235, 5.6910269300090235, 5.6910269300090235]}