{"expected theta": 1.1309733552923256, "expected phi": 3.141592653589793, "theta estimates": [1.3334920406341553, 1.5378679037094116, 1.3513790369033813, 1.250589370727539, 1.0758318901062012, 1.0017926692962646, 0.9701071977615356, 0.9314123392105103, 0.9955757260322571, 0.9665417075157166, 0.9406042098999023, 0.9439194798469543, 1.0040419101715088, 1.0040419101715088, 0.9532415270805359, 1.0040419101715088, 1.0040419101715088, 0.9502567052841187, 1.0040419101715088, 0.9532415270805359], "phi estimates": [2.1622703989320478, 2.7188192327790937, 2.818550856905528, 2.8429228385263166, 2.8302729447656354, 2.8547324260049542, 2.8540219386392316, 2.8042141516977033, 2.755779059725352, 2.707582565146037, 2.6634657104783734, 2.637505741911479, 2.6218556483560285, 2.6218556483560285, 2.6408599336915692, 2.6218556483560285, 2.6218556483560285, 2.692454846697398, 2.6218556483560285, 2.6408599336915692]}