{"expected theta": 1.1309733552923256, "expected phi": 3.141592653589793, "theta estimates": [1.2303261756896973, 1.044970154762268, 0.9067592024803162, 0.8527809977531433, 1.0121684074401855, 1.08491051197052, 0.9029423594474792, 0.8823491334915161, 0.8901711106300354, 1.020524263381958, 1.1092921495437622, 1.5213311910629272, 0.9839733242988586, 1.0015932321548462, 0.9547930955886841, 0.9547930955886841, 0.9547930955886841, 0.9547930955886841, 0.932390570640564, 0.9547930955886841], "phi estimates": [3.1521038134866437, 3.324162172275134, 3.2377037425809583, 3.1191941519551953, 3.0642266889386853, 3.2417736073308667, 3.2540722136669835, 3.14139415522153, 3.064651521044322, 3.0744964500241956, 3.093281181650706, 3.320394368963786, 3.2191983332210263, 3.1388217230611524, 3.1828781833224973, 3.1828781833224973, 3.1828781833224973, 3.1828781833224973, 3.190404074388095, 3.1828781833224973]}