{"expected theta": 1.0471975511965976, "expected phi": 2.6179938779914944, "theta estimates": [0.7121859192848206, 0.7456510663032532, 0.6914731860160828, 0.6455675959587097, 0.6024894714355469, 0.6024894714355469, 0.6084712743759155, 0.5600560307502747, 0.6024894714355469, 0.6024894714355469, 0.6024894714355469, 0.6024894714355469, 0.6024894714355469, 0.6084712743759155, 0.6024894714355469, 0.6024894714355469, 0.6024894714355469, 0.6084712743759155, 0.6084712743759155, 0.6024894714355469], "phi estimates": [2.544784339266368, 2.5734504779153546, 2.5864541848474225, 2.585152896242686, 2.6022919734292707, 2.6022919734292707, 2.6170532425218305, 2.6202494223886212, 2.6022919734292707, 2.6022919734292707, 2.6022919734292707, 2.6022919734292707, 2.6022919734292707, 2.6170532425218305, 2.6022919734292707, 2.6022919734292707, 2.6022919734292707, 2.6170532425218305, 2.6170532425218305, 2.6022919734292707]}